<?xml version='1.0' encoding='UTF-8'?>
<Manifest xmlns="http://www.prorail.nl/IMSpoor" xmlns:xsi="http://www.w3.org/2001/XMLSchema-instance" imxVersion="12.0.0" coreFileName="SignalingDesign.xml" nidRbc="to_fill" nidC="to_fill" xsi:schemaLocation="http://www.prorail.nl/IMSpoor IMSpoor-Manifest.xsd">
  <!--IMX 12 manifest generated by imxInsights.-->
  <!--Manifest marked as 'FOR TEST PURPOSES'!-->
  <ImSpoorDataList>
    <ImSpoorData fileName="SignalingDesign.xml" mediaType="application/xml" hash="7445a1d4b36d951f44910005d3a4fcd8ce266dc1bb5006afcc4536028eb15c79"/>
  </ImSpoorDataList>
  <MediaList>
    <Media fileName="data-notes\km-kibbon-values-disclamer.md" mediaType="text/markdown" hash="9113bdd16f2b40375f0f7f9f3b1fa1d5e8489829f6ba902c5b7338f7a713ce70"/>
    <Media fileName="data-notes\SignalingDesign-old.xml" mediaType="application/xml" hash="b85312cadcaa181dcb903539ab540cdd7acfa31f2cfc57e2e28e7b417f56a86c"/>
    <Media fileName="data-notes\xsd-violations.md" mediaType="text/markdown" hash="a6a727587324554063f0e77b29a21109039d06dc67d2e7177d30a8f2c6acdb02"/>
    <Media fileName="design-notes\design-notes-and-aditions.xlsx" mediaType="application/vnd.openxmlformats-officedocument.spreadsheetml.sheet" hash="e6ed8e7a960ab5f2a930d8e0bbbedbcecd72388e4d51afe1ae79e721d87ca4e3"/>
  </MediaList>
</Manifest>
