<?xml version='1.0' encoding='UTF-8'?>
<Manifest xmlns="http://www.prorail.nl/IMSpoor" xmlns:xsi="http://www.w3.org/2001/XMLSchema-instance" imxVersion="12.0.0" coreFileName="SignalingDesign.xml" nidRbc="to_fill" nidC="to_fill" xsi:schemaLocation="http://www.prorail.nl/IMSpoor IMSpoor-Manifest.xsd">
  <!--IMX 12 manifest generated by imxInsights.-->
  <!--Manifest marked as 'FOR TEST PURPOSES'!-->
  <ImSpoorDataList>
    <ImSpoorData fileName="SignalingDesign.xml" mediaType="application/xml" hash="d6203765ad7bfbb542e1b517b0fa0d5ff1571c718273e177d9a4dd23241ad1f5"/>
  </ImSpoorDataList>
  <MediaList>
    <Media fileName="km-kibbon-values-disclamer.md" mediaType="text/markdown" hash="9113bdd16f2b40375f0f7f9f3b1fa1d5e8489829f6ba902c5b7338f7a713ce70"/>
    <Media fileName="SignalingDesign-old.xml" mediaType="application/xml" hash="01e9d718cd95dd0b2fb49bbab83762119e65fa49aa7b7f3a612ff78e54f8c374"/>
    <Media fileName="Uitwisselscope 12.0.0 v2 definitief_ES - frozen 20250220 - add Depar-Detec 20250314.xlsx" mediaType="application/vnd.openxmlformats-officedocument.spreadsheetml.sheet" hash="682061e5ccff0d10e46725864c460103316ca6f06ab4043a6671fdaa515d4742"/>
    <Media fileName="vertrekdetectie-disclamer.md" mediaType="text/markdown" hash="c3a692f273d2c84d5d4e6c3992b56e0c202477c6bccf72ec69f2850ce6edb157"/>
    <Media fileName="xsd-validation.md" mediaType="text/markdown" hash="01e79890a8b17f66894714bd604867bf82a3395f50f5c9d0086a66b4bb409110"/>
  </MediaList>
</Manifest>
